熱門網頁,點擊,曝光,點閱率,排名
https://kyosora.github.io/,5,121,4.13%,7.42
https://kyosora.github.io/posts/6a7b2e15/,2,37,5.41%,6.68
https://kyosora.github.io/posts/33e4604/,2,14,14.29%,7.29
https://kyosora.github.io/posts/db2127fd/,1,20,5%,9.4
https://kyosora.github.io/posts/a6baa4b7/,1,17,5.88%,3.24
https://kyosora.github.io/posts/911f3916/,1,11,9.09%,5.45
https://kyosora.github.io/posts/bf4f4549/,1,8,12.5%,4.25
https://kyosora.github.io/posts/ea27f93e/,1,8,12.5%,6.25
https://kyosora.github.io/posts/f0481d1c/,1,5,20%,8.2
https://kyosora.github.io/posts/b7d668e1/,1,3,33.33%,12
https://kyosora.github.io/posts/726c8317/,1,2,50%,8
https://kyosora.github.io/posts/a80d2a02/,0,18,0%,7.89
https://kyosora.github.io/posts/493de8b3/,0,17,0%,10
https://kyosora.github.io/posts/a77e3a6a/,0,11,0%,5.91
https://kyosora.github.io/posts/1a0df97b/,0,10,0%,6.3
https://kyosora.github.io/tags/Codex/,0,8,0%,7.62
https://kyosora.github.io/posts/86b7b6a4/,0,7,0%,7.57
https://kyosora.github.io/posts/365c9a4d/,0,6,0%,7.83
https://kyosora.github.io/posts/8d59eebe/,0,6,0%,17.33
https://kyosora.github.io/posts/a029444e/,0,5,0%,5.4
https://kyosora.github.io/posts/8697256d/,0,5,0%,7.8
https://kyosora.github.io/posts/b7827369/,0,5,0%,8.2
https://kyosora.github.io/posts/3a171ac6/,0,5,0%,8.6
https://kyosora.github.io/posts/67b75693/,0,5,0%,18.4
https://kyosora.github.io/posts/a841d65f/,0,4,0%,7.25
https://kyosora.github.io/posts/6acecdaf/,0,4,0%,8
https://kyosora.github.io/posts/25b31ce7/,0,3,0%,5.33
https://kyosora.github.io/posts/f84b91fe/,0,3,0%,5.67
https://kyosora.github.io/posts/ac250f0e/,0,3,0%,6.67
https://kyosora.github.io/posts/8688d8e/,0,3,0%,7.67
https://kyosora.github.io/posts/bb6e2f7f/,0,2,0%,2.5
https://kyosora.github.io/posts/everything-claude-code/,0,2,0%,5.5
https://kyosora.github.io/posts/89c8bd9a/,0,2,0%,7
https://kyosora.github.io/posts/624d1bf8/,0,2,0%,8
https://kyosora.github.io/tags/開發流程/,0,2,0%,8
https://kyosora.github.io/posts/awesome-claude-code/,0,2,0%,8.5
https://kyosora.github.io/posts/ca226438/,0,2,0%,9.5
https://kyosora.github.io/posts/38af2cdf/,0,2,0%,11.5
https://kyosora.github.io/posts/e5401adb/,0,2,0%,12.5
https://kyosora.github.io/tags/配對程式設計/,0,2,0%,15
https://kyosora.github.io/posts/8b13da19/,0,1,0%,1
https://kyosora.github.io/posts/e65bf34d/,0,1,0%,1
https://kyosora.github.io/posts/3d8daab7/,0,1,0%,4
https://kyosora.github.io/posts/68b190b4/,0,1,0%,4
https://kyosora.github.io/posts/8df7e6a/,0,1,0%,4
https://kyosora.github.io/tags/程式語言/,0,1,0%,4
https://kyosora.github.io/posts/52f9695d/,0,1,0%,5
https://kyosora.github.io/posts/claude-mem-persistent-memory/,0,1,0%,7
https://kyosora.github.io/tags/編輯器/,0,1,0%,7
https://kyosora.github.io/posts/6e1c490b/,0,1,0%,8
https://kyosora.github.io/tags/開源工具/,0,1,0%,8
https://kyosora.github.io/posts/100dadfe/,0,1,0%,9
https://kyosora.github.io/posts/5caa2e97/,0,1,0%,9
https://kyosora.github.io/tags/動態工作流/,0,1,0%,9
https://kyosora.github.io/posts/13e107b/,0,1,0%,10
https://kyosora.github.io/posts/297a49cd/,0,1,0%,10
https://kyosora.github.io/tags/多模態/,0,1,0%,12
https://kyosora.github.io/tags/token-成本/,0,1,0%,15
https://kyosora.github.io/tags/HTMX/,0,1,0%,72